{
	"info": {
		"_postman_id": "3c5abeb4-4c1f-427f-a543-52554fbddb42",
		"name": "314-api-tests",
		"description": "This collection contains tests for the various API requests in the CS314 webapp.",
		"schema": "https://schema.getpostman.com/json/collection/v2.1.0/collection.json"
	},
	"item": [
		{
			"name": "config",
			"item": [
				{
					"name": "Config Post",
					"event": [
						{
							"listen": "test",
							"script": {
								"id": "6a0c1a94-d117-402b-9866-1d868933a0bb",
								"exec": [
									"pm.test(\"Response is HTTP200 status\", () => {",
									"    pm.response.to.have.status(200);",
									"});",
									"",
									"pm.test(\"Server-side team name is correct\", () => {",
									"    const response = pm.response.json();",
									"    const expectedTeamName = pm.collectionVariables.get(\"TEAM_NAME\");",
									"    pm.expect(response.serverName).to.eql(expectedTeamName);",
									"});"
								],
								"type": "text/javascript"
							}
						}
					],
					"request": {
						"method": "POST",
						"header": [],
						"body": {
							"mode": "raw",
							"raw": "{\n    \"requestType\": \"config\",\n    \"features\": [\"config\"] \n}",
							"options": {
								"raw": {
									"language": "json"
								}
							}
						},
						"url": {
							"raw": "{{BASE_URL}}/api/config",
							"host": [
								"{{BASE_URL}}"
							],
							"path": [
								"api",
								"config"
							]
						},
						"description": "Testing the result of Config Post requests."
					},
					"response": []
				}
			],
			"protocolProfileBehavior": {}
		}
	],
	"event": [
		{
			"listen": "prerequest",
			"script": {
				"id": "9f5571f2-0c5e-485c-a6e1-742cadfa66f6",
				"type": "text/javascript",
				"exec": [
					""
				]
			}
		},
		{
			"listen": "test",
			"script": {
				"id": "e49f41eb-6679-4d51-85fe-538ac8a2602a",
				"type": "text/javascript",
				"exec": [
					""
				]
			}
		}
	],
	"variable": [
		{
			"id": "22c08a32-9998-468c-85d7-69413301b916",
			"key": "BASE_URL",
			"value": "http://localhost:8000"
		},
		{
			"id": "5f2ce70e-9dbb-408b-8a9a-b178e433aa18",
			"key": "TEAM_NAME",
			"value": "t28 Trojans"
		}
	],
	"protocolProfileBehavior": {}
}