{
  "$id": "https://example.com/address.schema.json",
  "$schema": "http://json-schema.org/draft-07/schema#",
  "title": "tour",
  "description": "tour request/response",
  "type": "object",
  "properties": {
    "requestType": {
      "description":"the TIP object type should be tour",
      "type":"string",
      "pattern":"^tour$"
    },
    "earthRadius": {
      "description":"the radius of the earth in some unit of measure",
      "type":"number",
      "minimum":1
    },
    "response": {
      "description": "the maximum response time",
      "type": "number",
      "minimum": 0
    },
    "places": {
      "description": "a list of places",
      "type":"array",
      "items": {
        "type":"object",
        "properties": {
          "latitude": {
            "type":"string",
            "pattern":"^[-+]?(?:90(?:(?:\\.0+)?)|(?:[0-9]|[1-8][0-9])(?:(?:\\.[0-9]+)?))$"
          },
          "longitude": {
            "type":"string",
            "pattern":"^[-+]?(?:180(?:(?:\\.0+)?)|(?:[0-9]|[1-9][0-9]|1[0-7][0-9])(?:(?:\\.[0-9]+)?))$"
          }
        },
        "required": ["latitude","longitude"],
        "additionalProperties": { "type": "string" }
      },
      "minitems": 0
    }
  },
  "required":["requestType", "earthRadius", "response", "places"],
  "additionalProperties": false
}
